Name,Location,Description
Aulavik National Park,"Banks Island, Northwest Territories","Aulavik National Park is located on Banks Island in the Northwest Territories. It is known for its diverse wildlife, including muskoxen and migratory birds. The park offers a remote and pristine environment ideal for experienced adventurers interested in hiking, paddling, and wildlife viewing. Unique features include the Thomsen River, one of the most northerly navigable rivers in North America."
Auyuittuq National Park,"Baffin Island, Nunavut","Auyuittuq National Park on Baffin Island, Nunavut, is renowned for its dramatic Arctic landscape, featuring fjords, glaciers, and rugged mountains. It's ideal for experienced hikers and climbers, offering challenging trails like the Akshayuk Pass. The park's unique features include Mount Thor, known for having the world's tallest vertical cliff, and the Penny Ice Cap."
Banff National Park,"Banff, Alberta","Located in Alberta, Banff National Park is Canada's oldest national park and part of the majestic Rocky Mountains. Established in 1885, it spans over 6,641 square kilometers of breathtaking terrain, including glaciers, ice fields, dense forests, and alpine landscapes. Ideal for outdoor enthusiasts, the park offers amenities like luxurious hotels, cozy lodges, and various campgrounds. Adventure seekers can revel in hiking, skiing, and wildlife viewing, while those seeking relaxation can enjoy the soothing Banff Upper Hot Springs. Unique features such as the iconic Lake Louise, the vibrant turquoise Moraine Lake, and the scenic Icefields Parkway attract photographers, nature lovers, and road trip aficionados. Whether you're looking to challenge yourself with a hike up Sulphur Mountain, paddle on serene lakes, or explore charming mountain towns, Banff National Park provides an unforgettable experience for adventurers, nature enthusiasts, and leisure travelers alike."
Bruce Peninsula National Park,"Tobermory, Ontario","Bruce Peninsula National Park, located in Tobermory, Ontario, is known for its stunning cliffs, crystal-clear waters, and diverse ecosystems. It caters to hikers, campers, and nature lovers. Amenities include campgrounds, backcountry camping, and visitor centers. Activities like hiking the Bruce Trail, exploring the Grotto, and swimming in Georgian Bay are popular. The park's unique features include the dramatic cliffs of the Niagara Escarpment and the rare orchids and ferns found in the area."
Cape Breton Highlands National Park,"Ingonish, Nova Scotia","Cape Breton Highlands National Park in Nova Scotia features stunning coastal and highland scenery. It's ideal for hikers, wildlife enthusiasts, and scenic drivers. Amenities include campgrounds, lodges, and interpretive centers. Activities such as hiking the Skyline Trail, driving the Cabot Trail, and whale watching are popular. Unique features include the rugged cliffs, rich cultural history, and the chance to see moose and bald eagles."
Elk Island National Park,"Fort Saskatchewan, Alberta","Elk Island National Park, near Fort Saskatchewan, Alberta, is known for its role in bison conservation and its diverse wildlife. It's perfect for wildlife enthusiasts, hikers, and campers. Amenities include campgrounds, picnic areas, and interpretive programs. Activities such as wildlife viewing, hiking, and stargazing are popular. Unique features include the large herds of plains and wood bison, as well as the opportunity to see elk, deer, and over 250 species of birds."
Gros Morne National Park,"Rocky Harbour, Newfoundland and Labrador","Gros Morne National Park, located in Rocky Harbour, Newfoundland and Labrador, is a UNESCO World Heritage site known for its unique geological features and stunning coastal scenery. Spanning 1,805 square kilometers, it caters to geology buffs, hikers, and photographers. Amenities include campgrounds, lodges, and interpretive centers. Popular activities are hiking the Gros Morne Mountain, exploring Western Brook Pond Fjord, and discovering the Tablelands. Gros Morne is perfect for those interested in geology, coastal landscapes, and rich cultural history."
Jasper National Park,"Jasper, Alberta","Jasper National Park, located in Alberta, is the largest national park in the Canadian Rockies, covering 11,000 square kilometers. Known for its vast wilderness, stunning mountain scenery, and diverse wildlife, it caters to those who love outdoor adventures and solitude. With amenities such as campgrounds, backcountry lodges, and scenic drives, it offers activities like hiking, skiing, star gazing, and wildlife viewing. Unique features include the Athabasca Glacier, Maligne Lake, and the picturesque Spirit Island."
Kluane National Park and Reserve,"Haines Junction, Yukon","Kluane National Park and Reserve in Yukon is home to Canada's highest peak, Mount Logan, and offers dramatic landscapes of mountains, glaciers, and wild rivers. It's ideal for mountaineers, hikers, and wilderness enthusiasts. Amenities include campgrounds, backcountry camping, and visitor centers. Activities such as hiking, mountaineering, and flightseeing are popular. Unique features include the vast icefields and the opportunity to see Dall sheep, grizzly bears, and golden eagles."
Pacific Rim National Park Reserve,"Tofino, British Columbia","Pacific Rim National Park Reserve, near Tofino, British Columbia, encompasses 511 square kilometers of rugged coastline, lush rainforests, and pristine beaches. It appeals to surfers, beach lovers, and wildlife enthusiasts. Amenities include campgrounds, lodges, and interpretive centers. Activities like surfing, beachcombing, whale watching, and hiking the West Coast Trail are popular. Unique features include Long Beach, the Broken Group Islands, and the Nuu-chah-nulth Trail. Pacific Rim is ideal for those seeking adventure and natural beauty along Canada's west coast."
Prince Edward Island National Park,"Dalvay, Prince Edward Island","Prince Edward Island National Park, located in Dalvay, Prince Edward Island, is known for its red sand beaches, sand dunes, and coastal wetlands. It's perfect for beachgoers, bird watchers, and history enthusiasts. Amenities include campgrounds, picnic areas, and visitor centers. Activities such as swimming, hiking, and exploring historic sites like Green Gables are popular. Unique features include the shifting sand dunes, diverse birdlife, and the connection to Lucy Maud Montgomery's famous novel, Anne of Green Gables."
Terra Nova National Park,"Glovertown, Newfoundland and Labrador","Terra Nova National Park in Newfoundland and Labrador is known for its rugged coastline, boreal forest, and rich marine environment. It caters to hikers, kayakers, and nature lovers. Amenities include campgrounds, backcountry camping, and interpretive programs. Activities such as hiking, kayaking, and wildlife viewing are popular. Unique features include the scenic coastal trails, opportunities to see whales and puffins, and the park's dark skies for stargazing."
Yoho National Park,"Field, British Columbia","Yoho National Park, in Field, British Columbia, offers dramatic landscapes of towering peaks, roaring waterfalls, and deep blue lakes. Covering 1,313 square kilometers, it appeals to avid hikers, geology enthusiasts, and nature lovers. Amenities include campgrounds, picnic areas, and cozy lodges. Activities such as hiking, canoeing, and exploring the Burgess Shale fossil beds are popular. Unique features include Takakkaw Falls, Emerald Lake, and the Spiral Tunnels. Yoho is a haven for adventurers seeking stunning scenery and geological wonders."
